{"train_loss": [56.795776546001434, 56.48193401098251, 55.960174322128296, 55.67090600728989, 54.83990627527237, 53.93647676706314, 52.94867378473282, 52.937634110450745, 51.60368299484253, 50.861386597156525], "val_acc": [0.5230061349693251, 0.4854294478527607, 0.5214723926380368, 0.531441717791411, 0.6119631901840491, 0.5904907975460123, 0.5483128834355828, 0.5636503067484663, 0.6012269938650306, 0.6104294478527608]}