{"train_loss": [58.683678686618805, 56.77693569660187, 55.73305630683899, 54.45868360996246, 53.496257066726685, 52.348695278167725, 50.51277822256088, 49.651355266571045, 49.03241440653801, 47.20259749889374, 47.301966935396194, 46.23068770766258, 46.484353601932526, 45.577630043029785, 45.42009827494621, 44.781870037317276, 43.610634565353394, 43.3129104077816, 43.21825468540192, 43.01105758547783, 41.50250366330147, 40.62756949663162, 41.173124104738235, 41.019936084747314, 40.36136692762375, 39.052909940481186, 40.24241840839386, 38.567590951919556, 38.74104559421539, 38.108584851026535, 38.422729551792145, 37.788210570812225, 36.29478994011879], "val_acc": [0.5115030674846626, 0.5260736196319018, 0.6073619631901841, 0.593558282208589, 0.6273006134969326, 0.6127300613496932, 0.6180981595092024, 0.6549079754601227, 0.6840490797546013, 0.7039877300613497, 0.6618098159509203, 0.7262269938650306, 0.5996932515337423, 0.7085889570552147, 0.727760736196319, 0.7369631901840491, 0.6572085889570553, 0.7177914110429447, 0.5820552147239264, 0.6717791411042945, 0.7484662576687117, 0.696319018404908, 0.61579754601227, 0.5697852760736196, 0.7492331288343558, 0.7369631901840491, 0.7484662576687117, 0.7676380368098159, 0.7446319018404908, 0.7170245398773006, 0.691717791411043, 0.7661042944785276, 0.6012269938650306]}