{"train_loss": [56.95232957601547, 56.765398383140564, 56.02524781227112, 54.84024256467819, 53.80139422416687, 53.9504714012146, 52.58618342876434, 52.29439514875412, 51.08646810054779, 51.39236870408058, 49.82287269830704, 48.65786498785019, 48.14696002006531, 47.63693645596504, 46.33224779367447, 45.722406685352325, 44.61864250898361, 43.05549255013466, 40.290546119213104, 38.32174128293991, 35.92920744419098, 33.46133655309677, 31.232015028595924, 30.575466856360435, 28.689048632979393, 24.59496831893921, 24.111689642071724, 20.59492528438568], "val_acc": [0.49079754601226994, 0.5107361963190185, 0.5605828220858896, 0.5521472392638037, 0.5575153374233128, 0.6035276073619632, 0.5797546012269938, 0.6050613496932515, 0.6180981595092024, 0.6165644171779141, 0.6150306748466258, 0.6434049079754601, 0.6426380368098159, 0.6311349693251533, 0.656441717791411, 0.6403374233128835, 0.6349693251533742, 0.6725460122699386, 0.6579754601226994, 0.661042944785276, 0.6671779141104295, 0.6779141104294478, 0.6802147239263804, 0.6480061349693251, 0.6717791411042945, 0.6756134969325154, 0.6587423312883436, 0.6779141104294478]}