{"val_accuracy": 0.41302588996763756, "train_losses": [1.6001923165275056, 1.5580280664283481, 1.5332453709975802, 1.5135915044056174, 1.4933779872351094, 1.4789547457278354, 1.467729370956668, 1.4481591904433413, 1.435955102775475, 1.4247560682420206, 1.4114189066933196, 1.39739137752928, 1.3915586193788398, 1.3706935362522656, 1.3608889768810335, 1.351438649649759, 1.3437450854137878, 1.3311264159995762, 1.3204254320910063, 1.3100527802717339, 1.2991663850241109, 1.2922882555372122, 1.285556504641536], "val_losses": [1.6118902426499586, 1.5695293958370502, 1.5559621101770647, 1.5097559079145775, 1.5183412661919227, 1.5834961671095629, 1.5223883634958513, 1.6819225412148695, 1.515619504146087, 1.7050963716629224, 1.445950448513031, 1.4981650114059448, 1.7793057469221263, 1.3791712308541322, 1.6656362444926531, 1.4022438526153564, 1.5070932369965773, 1.4556111387717419, 1.6424286900422511, 1.365152167968261, 1.4281911299778864, 1.6311503113844457, 1.4093898229109936], "val_accuracies": [0.24959546925566342, 0.2886326860841424, 0.2682038834951456, 0.316747572815534, 0.318163430420712, 0.27305825242718446, 0.33191747572815533, 0.27548543689320387, 0.2896440129449838, 0.2576860841423948, 0.35962783171521034, 0.35457119741100324, 0.28923948220064727, 0.39441747572815533, 0.3675161812297735, 0.3782362459546926, 0.3719660194174757, 0.41302588996763756, 0.3201860841423948, 0.3719660194174757, 0.39866504854368934, 0.3460760517799353, 0.3713592233009709]}