{"val_accuracy": 0.6593462717058223, "train_losses": [0.6913292819891519, 0.6625239989621853, 0.6403642306482888, 0.6251833739319468, 0.6149373660242654, 0.5995559900756774, 0.5904498676943585, 0.574298782077262, 0.5622753447633448, 0.5556954264156218, 0.5386635161996857], "val_losses": [0.7103989124298096, 0.6637145203928794, 0.6390488436145167, 0.7040713833224389, 0.8244625579926276, 0.6176465865104429, 0.6399940963714353, 0.6497488694806253, 0.7911792974318227, 0.7381172314766915, 0.7415165535865291], "val_accuracies": [0.5342185903983657, 0.5970377936670072, 0.6179775280898876, 0.6189989785495403, 0.526046986721144, 0.6593462717058223, 0.6470888661899897, 0.6465781409601634, 0.5914198161389173, 0.5771195097037793, 0.5449438202247191]}