{"val_accuracy": 0.48341423948220064, "train_losses": [1.5941683158133795, 1.5683294314782597, 1.5418585816633354, 1.5167775358582778, 1.4950229022109394, 1.482216460033528, 1.449830641252709, 1.4282443191627083, 1.4185528585440133, 1.389726151926232, 1.368009966168203, 1.364191434144202, 1.3301365479682257, 1.3065021473998777, 1.2943328005596273, 1.2860586623929464, 1.2829417163885912, 1.2715563534918726, 1.2442491035245382, 1.236401365798654, 1.2173223493554446, 1.19778472590215, 1.2242450413194674, 1.173247010383791, 1.154150179481815, 1.1393024068820052, 1.1590594313677074, 1.1389958316454223, 1.1351915351009678, 1.1041920127220524], "val_losses": [1.5808473871304438, 1.5605206810511076, 1.5313401222229004, 1.511229327091804, 1.4942888174301538, 1.4837880424964123, 1.4622005285360875, 1.443676042251098, 1.4229466028702564, 1.4271635321470408, 1.4174007177352905, 1.3792759852531629, 1.3701108877475445, 1.3559493284959059, 1.333041793260819, 1.338170132575891, 1.3180747139148223, 1.322941271158365, 1.2976832221715877, 1.2874612426146483, 1.281056746458396, 1.3099380441201038, 1.284534983145885, 1.2562467073782897, 1.2444806144787715, 1.2530449437789428, 1.2560668419568966, 1.2972698547901251, 1.232028067111969, 1.2271344913886144], "val_accuracies": [0.2682038834951456, 0.28256472491909385, 0.2967233009708738, 0.30784789644012944, 0.32220873786407767, 0.3313106796116505, 0.34870550161812297, 0.36711165048543687, 0.3713592233009709, 0.3788430420711974, 0.3851132686084142, 0.4033171521035599, 0.39603559870550165, 0.40999190938511326, 0.41949838187702265, 0.42091423948220064, 0.4267799352750809, 0.4269822006472492, 0.4429611650485437, 0.44741100323624594, 0.45165857605177995, 0.43709546925566345, 0.4583333333333333, 0.468042071197411, 0.4664239482200647, 0.4749190938511327, 0.470873786407767, 0.4559061488673139, 0.48341423948220064, 0.4787621359223301]}