{"val_accuracy": 0.7620020429009193, "train_losses": [0.6844191599667557, 0.660085121790568, 0.645989697638566, 0.6361191413266872, 0.6264323369274295, 0.612924999822446, 0.6081330659912854, 0.5982678358147784, 0.5998188489820899, 0.5848029990021776, 0.5774776499445845, 0.5670317171550379, 0.5629907502391474, 0.5493753542745017, 0.5426382262532304, 0.5383254536768285, 0.5446009839453348, 0.538975262060398, 0.5160997461497299, 0.5109797095864769, 0.5021080442560397, 0.491893621721888, 0.47409477636096925, 0.46466296329730894, 0.45202116922634406, 0.4373564436668303, 0.42859904237879, 0.41432648024907925, 0.4059196513115875, 0.3911951603443642], "val_losses": [0.6646320569899774, 0.6445663898221908, 0.642850479772014, 0.6248490714257763, 0.6181897309518629, 0.6007761762988183, 0.6047441305652741, 0.5892203469430247, 0.5908336235630897, 0.5794146243602999, 0.5694244715475267, 0.5706936659351471, 0.5611647511682203, 0.5617926168826318, 0.5503775861955458, 0.5645044965128745, 0.5588963272110108, 0.5361868998696727, 0.5301137066656544, 0.5211494584237376, 0.5176634105943865, 0.4998726700582812, 0.5105486800593715, 0.5044936931902363, 0.4928559708979822, 0.4951606431315022, 0.4812618388283637, 0.4838038855983365, 0.4699872318775423, 0.48762197359915704], "val_accuracies": [0.6133810010214504, 0.6154239019407559, 0.6251276813074566, 0.6450459652706844, 0.6399387129724209, 0.6547497446373851, 0.6491317671092952, 0.6782431052093973, 0.6573033707865169, 0.6705822267620021, 0.6818181818181818, 0.6838610827374872, 0.686414708886619, 0.68488253319714, 0.6859039836567926, 0.6869254341164454, 0.6859039836567926, 0.7068437180796732, 0.7114402451481103, 0.7252298263534218, 0.72829417773238, 0.7425944841675178, 0.7267620020429009, 0.7446373850868233, 0.7466802860061287, 0.7497446373850868, 0.7563840653728294, 0.7528089887640449, 0.754341164453524, 0.7620020429009193]}