{"val_accuracy": 0.6163025889967637, "train_losses": [1.5796063235662516, 1.520751254072467, 1.4685325391084245, 1.4135369455930098, 1.3674623661442482, 1.3241173599915983, 1.2787267247450005, 1.235765399284733, 1.204968232552982, 1.1706118375352286, 1.1371786278042593, 1.102796884802167, 1.0726376573244731, 1.042131498021987, 1.0082745677444926, 0.9895293081848366, 0.9609509667918135, 0.9268090356515063, 0.9007396437589404, 0.8778307572923432, 0.8482535276983934, 0.8360801811742937, 0.8080466057876167, 0.7934510719428942, 0.7646522545120091, 0.7423108494011715, 0.7303484823904377, 0.7096996414429934, 0.6851851401977169, 0.6747198388414476], "val_losses": [1.5377589678153014, 1.4983766736128392, 1.437549352645874, 1.3998031279979608, 1.3543555736541748, 1.3411488456603808, 1.2909888334763355, 1.2543165271098797, 1.247268910591419, 1.2485293532029176, 1.1861469653936534, 1.1639540462921827, 1.1579087705184252, 1.1664973482107506, 1.14223547012378, 1.1216527781425378, 1.0843693224283366, 1.084877147888526, 1.0697750403330877, 1.060766462332163, 1.0721230392272656, 1.0671675617878253, 1.0350483419039311, 1.0257477126060388, 1.0131456080155494, 1.0069723778810256, 1.0120106071997912, 1.0028582284083734, 1.0132457690361218, 0.9671983734155313], "val_accuracies": [0.316747572815534, 0.3307038834951456, 0.3756067961165049, 0.38612459546925565, 0.4188915857605178, 0.4215210355987055, 0.44741100323624594, 0.4670307443365696, 0.47754854368932037, 0.4625809061488673, 0.49656148867313915, 0.5131472491909385, 0.5171925566343042, 0.5182038834951457, 0.5293284789644013, 0.5345873786407767, 0.5453074433656958, 0.5572411003236246, 0.5677588996763754, 0.5707928802588996, 0.563915857605178, 0.5728155339805825, 0.5857605177993528, 0.5900080906148867, 0.5898058252427184, 0.6019417475728155, 0.5993122977346278, 0.6057847896440129, 0.6059870550161812, 0.6163025889967637]}