{"val_accuracy": 0.8350357507660878, "train_losses": [0.6696638697531165, 0.6215849581772719, 0.5770773134095882, 0.5462111152284513, 0.5217525922670597, 0.4998210697639279, 0.48084932953361575, 0.4597144313459474, 0.44080242829594185, 0.4246840479412699, 0.40680384248252804, 0.383404951148886, 0.372630511115237, 0.35728688598648317, 0.3372593360945461, 0.3206148498911199, 0.2973313191072728, 0.30725616047052834, 0.2811944546495996, 0.2585319143727543, 0.2423614040017128, 0.23281431325325153, 0.21499018365047812, 0.21671859477835942, 0.18375392700356197, 0.18304512304503742], "val_losses": [0.6327937245368958, 0.5857813838989504, 0.5599218741539986, 0.5247914550765869, 0.5130320998930162, 0.4978979729836987, 0.5002784229093983, 0.5044462209747683, 0.4729609643259356, 0.470224860214418, 0.4607904101571729, 0.44198433045418034, 0.4638863984615572, 0.42316191811715403, 0.4328825560308272, 0.4443078473691017, 0.4250281837678725, 0.43977171999792897, 0.4080677532380627, 0.3962244050156686, 0.3927176373620187, 0.4170598950116865, 0.42367758674006306, 0.4752382217876373, 0.4034863647914702, 0.41060679045415693], "val_accuracies": [0.6302349336057201, 0.6823289070480082, 0.7002042900919305, 0.7211440245148111, 0.7349336057201226, 0.7379979570990807, 0.7410623084780388, 0.7323799795709908, 0.7538304392236976, 0.7568947906026557, 0.7620020429009193, 0.7752808988764045, 0.7681307456588355, 0.7951991828396323, 0.7839632277834525, 0.8003064351378958, 0.7916241062308478, 0.8013278855975485, 0.8074565883554647, 0.8186925434116445, 0.8350357507660878, 0.8268641470888662, 0.8156281920326864, 0.8115423901940756, 0.8294177732379979, 0.8268641470888662]}